1763055082.409617,0,up,Move into frame
1763055082.4576194,0,up,Move into frame
1763055082.5095065,0,up,Move into frame
1763055082.5862117,0,up,Move into frame
1763055082.667897,0,up,Move into frame
1763055082.7421384,0,up,Move into frame
1763055082.832946,0,up,Move into frame
1763055082.9102027,0,up,Move into frame
1763055082.99009,0,up,Move into frame
1763055083.0691938,0,up,Move into frame
1763055083.161651,0,up,Move into frame
1763055083.230736,0,up,Move into frame
1763055083.3123589,0,up,Move into frame
1763055083.39462,0,up,Move into frame
1763055083.4768467,0,up,Move into frame
1763055083.5579922,0,up,Move into frame
1763055083.6370013,0,up,Move into frame
1763055083.7162302,0,up,Move into frame
1763055083.7937,0,up,Move into frame
1763055083.8747983,0,up,Move into frame
1763055083.95782,0,up,Move into frame
1763055084.031483,0,up,Move into frame
1763055084.1130626,0,up,Move into frame
1763055084.1967776,0,up,Move into frame
1763055084.2716775,0,up,Move into frame
1763055084.3535717,0,up,Move into frame
1763055084.4410427,0,up,Move into frame
1763055084.5098064,0,up,Move into frame
1763055084.5986648,0,up,Move into frame
1763055084.6750038,0,up,Move into frame
1763055084.7500346,0,up,Move into frame
1763055084.8329751,0,up,Move into frame
1763055084.9079046,0,up,Move into frame
1763055084.98989,0,up,Move into frame
1763055085.0640552,0,up,Move into frame
1763055085.155706,0,up,Move into frame
1763055085.2345107,0,up,Move into frame
1763055085.3163462,0,up,Move into frame
1763055085.3913052,0,up,Move into frame
1763055085.46978,0,up,Move into frame
1763055085.5569522,0,up,Move into frame
1763055085.6405835,0,up,Move into frame
1763055085.7171295,0,up,Move into frame
1763055085.7914088,0,up,Move into frame
1763055085.871544,0,up,Move into frame
1763055085.9542,0,up,Move into frame
1763055086.0363884,0,up,Move into frame
1763055086.1073787,0,up,Move into frame
1763055086.190106,0,up,Move into frame
1763055086.2736027,0,up,Move into frame
1763055086.3574126,0,up,Move into frame
1763055086.4285069,0,up,Move into frame
1763055086.5116792,0,up,Move into frame
1763055086.5869954,0,up,Move into frame
1763055086.673835,0,up,Move into frame
1763055086.7506044,0,up,Move into frame
1763055086.8395472,0,up,Move into frame
1763055086.9133015,0,up,Move into frame
1763055086.9969897,0,up,Move into frame
1763055087.0663576,0,up,Move into frame
1763055087.1511736,0,up,Move into frame
1763055087.2355123,0,up,Move into frame
1763055087.3122125,0,up,Move into frame
1763055087.3889377,0,up,Move into frame
1763055087.4727829,0,up,Move into frame
1763055087.563761,0,up,Move into frame
1763055087.6373296,0,up,Move into frame
1763055087.7136059,0,up,Move into frame
1763055087.790578,0,up,Move into frame
1763055087.8722358,0,up,Move into frame
1763055087.9640093,0,up,Move into frame
1763055088.0378132,0,up,Move into frame
1763055088.1116853,0,up,Move into frame
1763055088.1949074,0,up,Move into frame
1763055088.4068103,0,up,Move into frame
1763055088.456623,0,up,Move into frame
1763055088.594563,0,up,Move into frame
1763055088.6737225,0,up,Move into frame
1763055088.7529454,0,up,Move into frame
1763055088.8268237,0,up,Move into frame
1763055089.05969,0,up,Move into frame
1763055089.1075723,0,up,Move into frame
1763055089.1540084,0,up,Move into frame
1763055089.239698,0,up,Move into frame
1763055089.312356,0,up,Move into frame
1763055089.396099,0,up,Move into frame
1763055089.4771073,0,up,Move into frame
1763055089.5528798,0,up,Move into frame
1763055089.6375363,0,up,Move into frame
1763055089.7119951,0,up,Move into frame
1763055089.7908764,0,up,Move into frame
1763055089.8714237,0,up,Move into frame
1763055089.9607484,0,up,Move into frame
1763055090.134365,0,down,Great depth! Press up.
1763055090.2065947,0,down,Move into frame
1763055090.26863,0,down,Move into frame
1763055090.3828714,1,up,Extend fully to lockout.
1763055090.4567225,1,up,Extend fully to lockout.
1763055090.5437033,1,up,Extend fully to lockout.
1763055090.6272092,1,up,Extend fully to lockout.
1763055090.7029974,1,up,Extend fully to lockout.
1763055090.7739012,1,up,Extend fully to lockout.
1763055090.8660395,1,up,Extend fully to lockout.
1763055090.9355042,1,up,Extend fully to lockout.
1763055091.0172324,1,up,Extend fully to lockout.
1763055091.0907207,1,up,Extend fully to lockout.
1763055091.1720152,1,up,Extend fully to lockout.
1763055091.253747,1,up,Extend fully to lockout.
1763055091.3312669,1,up,Extend fully to lockout.
1763055091.414064,1,up,Extend fully to lockout.
1763055091.4914875,1,up,Extend fully to lockout.
1763055091.5751548,1,up,Extend fully to lockout.
1763055091.6670992,1,up,Extend fully to lockout.
1763055091.7456386,1,up,Extend fully to lockout.
1763055091.8281133,1,up,Extend fully to lockout.
1763055091.9103434,1,up,Extend fully to lockout.
1763055091.9825308,1,up,Extend fully to lockout.
1763055092.0631046,1,up,Extend fully to lockout.
1763055092.1312525,1,up,Extend fully to lockout.
1763055092.2124102,1,up,Extend fully to lockout.
1763055092.2945836,1,up,Extend fully to lockout.
1763055092.374444,1,up,Extend fully to lockout.
1763055092.4583154,1,up,Extend fully to lockout.
1763055092.5426598,1,up,Extend fully to lockout.
1763055092.6216836,1,up,Extend fully to lockout.
1763055092.7075696,1,up,Extend fully to lockout.
1763055092.7807214,1,up,Extend fully to lockout.
1763055092.8616707,1,up,Extend fully to lockout.
1763055092.941926,1,up,Extend fully to lockout.
1763055093.0237384,1,up,Extend fully to lockout.
1763055093.094555,1,up,Extend fully to lockout.
1763055093.1713762,1,up,Extend fully to lockout.
1763055093.259594,1,up,Extend fully to lockout.
1763055093.3340402,1,up,Extend fully to lockout.
1763055093.4175503,1,up,Extend fully to lockout.
1763055093.5008988,1,up,Extend fully to lockout.
1763055093.5767448,1,up,Extend fully to lockout.
1763055093.6539168,1,up,Extend fully to lockout.
1763055093.7344453,1,up,Extend fully to lockout.
1763055093.8145432,1,up,Extend fully to lockout.
1763055093.8949487,1,up,Maintain controlled motion.
1763055093.9778917,1,up,Maintain controlled motion.
1763055094.0602849,1,up,Maintain controlled motion.
1763055094.1321552,1,up,Maintain controlled motion.
1763055094.2177055,1,up,Maintain controlled motion.
1763055094.2977483,1,up,Extend fully to lockout.
1763055094.38934,1,up,Extend fully to lockout.
1763055094.473979,1,up,Extend fully to lockout.
1763055094.5461972,1,up,Extend fully to lockout.
1763055094.6184876,1,up,Extend fully to lockout.
1763055094.694747,1,up,Extend fully to lockout.
1763055094.7747526,1,up,Extend fully to lockout.
1763055094.8686743,1,up,Extend fully to lockout.
1763055095.0712054,1,up,Extend fully to lockout.
1763055095.153924,1,up,Extend fully to lockout.
1763055095.2270014,1,up,Extend fully to lockout.
1763055095.2984405,1,up,Extend fully to lockout.
1763055095.3765247,1,up,Extend fully to lockout.
1763055095.4426184,1,up,Extend fully to lockout.
1763055095.5090413,1,up,Extend fully to lockout.
1763055095.578609,1,up,Extend fully to lockout.
1763055095.6682525,1,down,Great depth! Press up.
1763055095.7408898,1,down,Great depth! Press up.
1763055095.820196,1,down,Great depth! Press up.
1763055095.901991,1,down,Great depth! Press up.
1763055095.9793801,1,down,Great depth! Press up.
1763055096.0637474,1,down,Great depth! Press up.
1763055096.149146,1,down,Maintain controlled motion.
1763055096.230867,1,down,Maintain controlled motion.
1763055096.2985003,2,up,Extend fully to lockout.
1763055096.3734324,2,up,Extend fully to lockout.
1763055096.4433374,2,up,Extend fully to lockout.
1763055096.534259,2,up,Extend fully to lockout.
1763055096.6144748,2,up,Extend fully to lockout.
1763055096.6949623,2,up,Extend fully to lockout.
1763055096.7798808,2,up,Extend fully to lockout.
1763055096.855018,2,up,Extend fully to lockout.
1763055096.9315593,2,up,Extend fully to lockout.
1763055097.0221741,2,up,Extend fully to lockout.
1763055097.0937037,2,up,Extend fully to lockout.
1763055097.1921675,2,up,Extend fully to lockout.
1763055097.279848,2,up,Extend fully to lockout.
1763055097.3534956,2,up,Extend fully to lockout.
1763055097.4300995,2,up,Extend fully to lockout.
1763055097.5148942,2,up,Extend fully to lockout.
1763055097.5861335,2,up,Extend fully to lockout.
1763055097.6719942,2,up,Extend fully to lockout.
1763055097.7468421,2,up,Maintain controlled motion.
1763055097.81662,2,down,Great depth! Press up.
1763055097.8949594,2,down,Great depth! Press up.
1763055097.9744582,2,down,Great depth! Press up.
1763055098.0554266,2,down,Great depth! Press up.
1763055098.1360726,2,down,Great depth! Press up.
1763055098.2116396,2,down,Great depth! Press up.
1763055098.2941353,2,down,Great depth! Press up.
1763055098.3734927,2,down,Great depth! Press up.
1763055098.4602535,2,down,Great depth! Press up.
1763055098.5371158,2,down,Maintain controlled motion.
1763055098.6129074,2,down,Maintain controlled motion.
1763055098.7024662,2,down,Maintain controlled motion.
1763055098.7734869,3,up,Extend fully to lockout.
1763055098.8539326,3,up,Extend fully to lockout.
1763055098.934309,3,up,Extend fully to lockout.
1763055099.0161948,3,up,Extend fully to lockout.
1763055099.0988042,3,up,Extend fully to lockout.
1763055099.1731224,3,up,Extend fully to lockout.
1763055099.2557054,3,up,Extend fully to lockout.
1763055099.334174,3,up,Extend fully to lockout.
1763055099.417555,3,up,Extend fully to lockout.
1763055099.5311997,3,up,Extend fully to lockout.
1763055099.6273108,3,up,Extend fully to lockout.
1763055099.7265651,3,up,Extend fully to lockout.
1763055099.82696,3,up,Extend fully to lockout.
1763055099.8993082,3,up,Extend fully to lockout.
1763055099.981464,3,up,Extend fully to lockout.
1763055100.0735674,3,up,Extend fully to lockout.
1763055100.1420026,3,up,Extend fully to lockout.
1763055100.2224376,3,up,Extend fully to lockout.
1763055100.293261,3,up,Extend fully to lockout.
1763055100.374058,3,up,Maintain controlled motion.
1763055100.456514,3,up,Maintain controlled motion.
1763055100.549866,3,up,Maintain controlled motion.
1763055100.6328778,3,up,Maintain controlled motion.
1763055100.7164211,3,down,Great depth! Press up.
1763055100.7965775,3,down,Great depth! Press up.
1763055100.8606045,3,down,Maintain controlled motion.
1763055100.9341574,3,down,Maintain controlled motion.
1763055101.016048,3,down,Maintain controlled motion.
1763055101.0936315,3,down,Maintain controlled motion.
1763055101.1742735,3,down,Maintain controlled motion.
1763055101.2546957,3,down,Maintain controlled motion.
1763055101.3341582,4,up,Extend fully to lockout.
1763055101.4185758,4,up,Extend fully to lockout.
1763055101.494265,4,up,Extend fully to lockout.
1763055101.579343,4,up,Extend fully to lockout.
1763055101.6648395,4,up,Extend fully to lockout.
1763055101.7478778,4,up,Extend fully to lockout.
1763055101.8185537,4,up,Extend fully to lockout.
1763055101.8941815,4,up,Extend fully to lockout.
1763055101.9781766,4,up,Extend fully to lockout.
1763055102.0632787,4,up,Extend fully to lockout.
1763055102.1458766,4,up,Extend fully to lockout.
1763055102.2346954,4,up,Extend fully to lockout.
1763055102.3173423,4,up,Extend fully to lockout.
1763055102.4030955,4,up,Extend fully to lockout.
1763055102.4696617,4,up,Extend fully to lockout.
1763055102.5700538,4,up,Extend fully to lockout.
1763055102.646908,4,up,Extend fully to lockout.
1763055102.7162187,4,up,Extend fully to lockout.
1763055102.790751,4,up,Extend fully to lockout.
1763055102.8564389,4,up,Extend fully to lockout.
1763055102.9474277,4,up,Extend fully to lockout.
1763055103.0307,4,up,Extend fully to lockout.
1763055103.0957341,4,up,Extend fully to lockout.
1763055103.1776497,4,up,Extend fully to lockout.
1763055103.2704551,4,up,Extend fully to lockout.
1763055103.3444731,4,up,Extend fully to lockout.
1763055103.419681,4,up,Extend fully to lockout.
1763055103.4975574,4,up,Extend fully to lockout.
1763055103.5752795,4,up,Extend fully to lockout.
1763055103.653572,4,up,Extend fully to lockout.
1763055103.7367754,4,up,Extend fully to lockout.
1763055103.815735,4,up,Extend fully to lockout.
1763055103.894086,4,up,Extend fully to lockout.
1763055103.9739223,4,up,Extend fully to lockout.
1763055104.0547144,4,up,Extend fully to lockout.
1763055104.1460361,4,up,Extend fully to lockout.
1763055104.2200177,4,up,Extend fully to lockout.
1763055104.2995982,4,up,Extend fully to lockout.
1763055104.3966386,4,up,Extend fully to lockout.
1763055104.4611351,4,up,Extend fully to lockout.
1763055104.544621,4,up,Extend fully to lockout.
1763055104.6249704,4,up,Extend fully to lockout.
1763055104.7034822,4,up,Extend fully to lockout.
1763055104.7760189,4,up,Maintain controlled motion.
1763055104.860687,4,up,Maintain controlled motion.
1763055104.9393508,4,down,Great depth! Press up.
1763055105.0146718,4,down,Great depth! Press up.
1763055105.0943542,4,down,Great depth! Press up.
1763055105.1849036,5,up,Extend fully to lockout.
1763055105.4176285,5,down,Great depth! Press up.
1763055105.4910066,5,down,Great depth! Press up.
1763055105.562079,5,down,Great depth! Press up.
1763055105.6286979,5,down,Great depth! Press up.
1763055105.704884,5,down,Great depth! Press up.
1763055105.7779942,5,down,Great depth! Press up.
1763055105.8640463,5,down,Great depth! Press up.
1763055105.93633,5,down,Great depth! Press up.
1763055106.0192952,5,down,Great depth! Press up.
1763055106.0928364,5,down,Great depth! Press up.
1763055106.1748345,5,down,Great depth! Press up.
1763055106.3003607,5,down,Great depth! Press up.
1763055106.4107378,5,down,Great depth! Press up.
1763055106.4987378,5,down,Great depth! Press up.
1763055106.576161,5,down,Great depth! Press up.
1763055106.7308898,6,up,Extend fully to lockout.
1763055106.8341842,6,up,Extend fully to lockout.
1763055106.910319,6,up,Extend fully to lockout.
1763055106.9854033,6,up,Extend fully to lockout.
1763055107.0812957,6,up,Extend fully to lockout.
1763055107.1564918,6,up,Extend fully to lockout.
1763055107.2268682,6,up,Extend fully to lockout.
1763055107.2927527,6,up,Extend fully to lockout.
1763055107.3628073,6,up,Extend fully to lockout.
1763055107.446783,6,up,Extend fully to lockout.
1763055107.5214498,6,up,Extend fully to lockout.
1763055107.5782638,6,up,Extend fully to lockout.
1763055107.6628318,6,up,Extend fully to lockout.
1763055107.7534862,6,up,Extend fully to lockout.
1763055107.8412123,6,up,Extend fully to lockout.
1763055107.9218771,6,up,Extend fully to lockout.
1763055108.0016174,6,up,Extend fully to lockout.
1763055108.075799,6,up,Extend fully to lockout.
1763055108.1481872,6,up,Extend fully to lockout.
1763055108.23702,6,up,Extend fully to lockout.
1763055108.310281,6,up,Extend fully to lockout.
1763055108.3742204,6,up,Extend fully to lockout.
1763055108.4625163,6,up,Extend fully to lockout.
1763055108.5389104,6,up,Extend fully to lockout.
1763055108.6188,6,up,Extend fully to lockout.
1763055108.6944022,6,up,Extend fully to lockout.
1763055108.7940638,6,up,Extend fully to lockout.
1763055108.8674362,6,up,Extend fully to lockout.
1763055108.9420354,6,up,Extend fully to lockout.
1763055109.032829,6,up,Extend fully to lockout.
1763055109.110819,6,up,Extend fully to lockout.
1763055109.1978245,6,down,Great depth! Press up.
1763055109.2802768,6,down,Great depth! Press up.
1763055109.361948,6,down,Great depth! Press up.
1763055109.441183,6,down,Great depth! Press up.
1763055109.5268595,6,down,Great depth! Press up.
1763055109.603246,6,down,Great depth! Press up.
1763055109.6712523,6,down,Great depth! Press up.
1763055109.7446754,6,down,Great depth! Press up.
1763055109.8267546,6,down,Great depth! Press up.
1763055109.917673,6,down,Great depth! Press up.
1763055109.9957287,6,down,Great depth! Press up.
1763055110.0792634,6,down,Great depth! Press up.
1763055110.1523082,6,down,Great depth! Press up.
1763055110.2354636,6,down,Great depth! Press up.
1763055110.3164487,7,up,Extend fully to lockout.
1763055110.3906069,7,up,Extend fully to lockout.
1763055110.472989,7,up,Extend fully to lockout.
1763055110.5453672,7,up,Extend fully to lockout.
1763055110.6265645,7,up,Extend fully to lockout.
1763055110.7186081,7,up,Extend fully to lockout.
1763055110.7942762,7,up,Extend fully to lockout.
1763055110.870261,7,up,Extend fully to lockout.
1763055110.9555583,7,up,Extend fully to lockout.
1763055111.037505,7,up,Extend fully to lockout.
1763055111.1107144,7,up,Extend fully to lockout.
1763055111.1847198,7,up,Extend fully to lockout.
1763055111.254592,7,up,Extend fully to lockout.
1763055111.334306,7,up,Maintain controlled motion.
1763055111.4245024,7,up,Maintain controlled motion.
1763055111.495255,7,up,Maintain controlled motion.
1763055111.582824,7,up,Maintain controlled motion.
1763055111.6793368,7,up,Maintain controlled motion.
1763055111.757365,7,up,Maintain controlled motion.
1763055111.840541,7,up,Maintain controlled motion.
1763055111.9658227,7,up,Maintain controlled motion.
1763055112.0230582,7,up,Maintain controlled motion.
1763055112.091666,7,up,Maintain controlled motion.
1763055112.1623669,7,up,Maintain controlled motion.
1763055112.2388506,7,up,Maintain controlled motion.
1763055112.3147812,7,up,Maintain controlled motion.
1763055112.392215,7,up,Maintain controlled motion.
1763055112.4592357,7,up,Maintain controlled motion.
1763055112.5344763,7,up,Maintain controlled motion.
1763055112.616905,7,up,Maintain controlled motion.
1763055112.7001612,7,up,Maintain controlled motion.
1763055112.7866266,7,up,Maintain controlled motion.
1763055112.8757172,7,up,Maintain controlled motion.
1763055113.0027287,7,up,Maintain controlled motion.
1763055113.0891757,7,up,Maintain controlled motion.
1763055113.1737313,7,up,Maintain controlled motion.
1763055113.310773,7,up,Maintain controlled motion.
1763055113.4198475,7,up,Maintain controlled motion.
1763055113.4961412,7,up,Maintain controlled motion.
1763055113.564701,7,up,Maintain controlled motion.
1763055113.6510022,7,up,Maintain controlled motion.
1763055113.7143216,7,up,Maintain controlled motion.
1763055113.7865674,7,up,Maintain controlled motion.
1763055113.851887,7,up,Maintain controlled motion.
1763055113.9254055,7,up,Maintain controlled motion.
1763055114.0040014,7,up,Maintain controlled motion.
1763055114.0851436,7,up,Maintain controlled motion.
1763055114.1627727,7,up,Maintain controlled motion.
1763055114.2358,7,up,Maintain controlled motion.
1763055114.312007,7,up,Maintain controlled motion.
1763055114.3850768,7,up,Maintain controlled motion.
1763055114.4532938,7,up,Maintain controlled motion.
1763055114.5378623,7,up,Maintain controlled motion.
1763055114.6307154,7,up,Maintain controlled motion.
1763055114.6957357,7,up,Maintain controlled motion.
1763055114.8087263,7,up,Maintain controlled motion.
1763055114.937373,7,up,Maintain controlled motion.
1763055115.0384414,7,up,Maintain controlled motion.
1763055115.1203396,7,up,Maintain controlled motion.
1763055115.194452,7,up,Maintain controlled motion.
1763055115.275557,7,up,Maintain controlled motion.
1763055115.3579583,7,up,Maintain controlled motion.
1763055115.4407055,7,up,Maintain controlled motion.
1763055115.5144129,7,up,Maintain controlled motion.
1763055115.620614,7,up,Maintain controlled motion.
1763055115.7348905,7,up,Maintain controlled motion.
1763055115.835164,7,up,Maintain controlled motion.
1763055115.9097426,7,up,Maintain controlled motion.
1763055115.9924603,7,up,Maintain controlled motion.
1763055116.0744812,7,up,Maintain controlled motion.
1763055116.1542354,7,up,Maintain controlled motion.
1763055116.239703,7,up,Maintain controlled motion.
1763055116.322645,7,up,Maintain controlled motion.
1763055116.4071872,7,up,Maintain controlled motion.
1763055116.4845064,7,up,Maintain controlled motion.
1763055116.5531108,7,up,Maintain controlled motion.
1763055116.6315022,7,up,Maintain controlled motion.
1763055116.7081666,7,up,Maintain controlled motion.
1763055116.7889037,7,up,Maintain controlled motion.
1763055116.8686268,7,up,Maintain controlled motion.
1763055116.937859,7,up,Maintain controlled motion.
1763055117.0217154,7,up,Maintain controlled motion.
1763055117.0930011,7,up,Maintain controlled motion.
1763055117.180711,7,up,Maintain controlled motion.
1763055117.2551043,7,up,Maintain controlled motion.
1763055117.339773,7,up,Maintain controlled motion.
1763055117.415966,7,up,Maintain controlled motion.
1763055117.4929018,7,up,Maintain controlled motion.
1763055117.611856,7,up,Maintain controlled motion.
1763055117.6816645,7,up,Maintain controlled motion.
1763055117.7577007,7,down,Great depth! Press up.
1763055117.8438947,7,down,Maintain controlled motion.
1763055117.9184127,8,up,Extend fully to lockout.
1763055118.000565,8,up,Extend fully to lockout.
1763055118.0751004,8,up,Extend fully to lockout.
1763055118.1544394,8,up,Extend fully to lockout.
1763055118.2253523,8,up,Extend fully to lockout.
1763055118.3124475,8,up,Maintain controlled motion.
1763055118.3947814,8,up,Maintain controlled motion.
1763055118.455726,8,up,Extend fully to lockout.
1763055118.5568225,8,up,Maintain controlled motion.
1763055118.6464484,8,down,Great depth! Press up.
1763055118.724414,8,down,Great depth! Press up.
1763055118.7992392,8,down,Great depth! Press up.
1763055118.8747237,8,down,Maintain controlled motion.
1763055118.9524317,8,down,Maintain controlled motion.
1763055119.0182698,8,down,Maintain controlled motion.
1763055119.0956461,9,up,Extend fully to lockout.
1763055119.1781838,9,up,Extend fully to lockout.
1763055119.258461,9,up,Extend fully to lockout.
1763055119.3483582,9,up,Extend fully to lockout.
1763055119.421693,9,up,Extend fully to lockout.
1763055119.4928532,9,up,Extend fully to lockout.
1763055119.5771568,9,up,Extend fully to lockout.
1763055119.650691,9,up,Extend fully to lockout.
1763055119.7561922,9,up,Extend fully to lockout.
1763055119.8157406,9,up,Extend fully to lockout.
1763055119.8988404,9,up,Extend fully to lockout.
1763055119.9960783,9,up,Extend fully to lockout.
1763055120.0711534,9,up,Extend fully to lockout.
1763055120.1408565,9,up,Extend fully to lockout.
1763055120.258145,9,up,Extend fully to lockout.
1763055120.321811,9,up,Extend fully to lockout.
1763055120.4045608,9,up,Extend fully to lockout.
1763055120.4770908,9,up,Extend fully to lockout.
1763055120.5610402,9,up,Extend fully to lockout.
1763055120.6300342,9,up,Extend fully to lockout.
1763055120.697532,9,up,Extend fully to lockout.
1763055120.7730107,9,up,Extend fully to lockout.
1763055120.8540232,9,up,Extend fully to lockout.
1763055120.9477887,9,up,Extend fully to lockout.
1763055121.0300663,9,up,Extend fully to lockout.
1763055121.1024227,9,up,Extend fully to lockout.
1763055121.1682425,9,up,Maintain controlled motion.
1763055121.246405,9,up,Maintain controlled motion.
1763055121.3181934,9,up,Maintain controlled motion.
1763055121.403627,9,up,Maintain controlled motion.
1763055121.4973247,9,up,Maintain controlled motion.
1763055121.5800855,9,up,Maintain controlled motion.
1763055121.7794342,9,down,Great depth! Press up.
1763055121.859403,9,down,Great depth! Press up.
1763055121.9326556,9,down,Great depth! Press up.
1763055122.008478,9,down,Great depth! Press up.
1763055122.0841033,9,down,Maintain controlled motion.
1763055122.1702776,9,down,Maintain controlled motion.
1763055122.2506163,10,up,Extend fully to lockout.
1763055122.3274434,10,up,Extend fully to lockout.
1763055122.4015267,10,up,Maintain controlled motion.
1763055122.4834611,10,up,Maintain controlled motion.
1763055122.5488648,10,down,Great depth! Press up.
1763055122.6199455,10,down,Maintain controlled motion.
1763055122.6895893,10,up,Extend fully to lockout.
1763055122.7884333,10,up,Extend fully to lockout.
1763055122.8625948,10,up,Maintain controlled motion.
1763055122.9375882,10,up,Maintain controlled motion.
1763055123.0197845,10,up,Extend fully to lockout.
1763055123.1055207,10,up,Extend fully to lockout.
1763055123.2189136,10,up,Extend fully to lockout.
1763055123.2996597,10,up,Extend fully to lockout.
1763055123.3799248,10,up,Extend fully to lockout.
1763055123.453356,10,up,Extend fully to lockout.
1763055123.5310092,10,up,Extend fully to lockout.
1763055123.6048558,10,up,Extend fully to lockout.
1763055123.6710944,10,up,Extend fully to lockout.
1763055123.7473454,10,up,Extend fully to lockout.
1763055123.8249888,10,up,Extend fully to lockout.
1763055123.9024358,10,up,Extend fully to lockout.
1763055123.9657571,10,up,Extend fully to lockout.
1763055124.0309227,10,up,Extend fully to lockout.
1763055124.1215255,10,up,Extend fully to lockout.
1763055124.2023976,10,up,Extend fully to lockout.
1763055124.2798114,10,up,Extend fully to lockout.
1763055124.3634224,10,up,Extend fully to lockout.
1763055124.4469016,10,up,Extend fully to lockout.
1763055124.5184896,10,up,Extend fully to lockout.
1763055124.5973523,10,up,Extend fully to lockout.
1763055124.6780937,10,up,Extend fully to lockout.
1763055124.7585182,10,up,Extend fully to lockout.
1763055124.8354814,10,up,Maintain controlled motion.
1763055124.9260428,10,up,Maintain controlled motion.
1763055124.9984179,10,up,Maintain controlled motion.
1763055125.0775535,10,up,Maintain controlled motion.
1763055125.149412,10,down,Great depth! Press up.
1763055125.2393792,10,down,Maintain controlled motion.
1763055125.3229876,10,down,Great depth! Press up.
1763055125.4277978,10,down,Great depth! Press up.
1763055125.5508428,10,down,Great depth! Press up.
1763055125.636139,10,down,Great depth! Press up.
1763055125.7258577,10,down,Great depth! Press up.
1763055125.798266,10,down,Great depth! Press up.
1763055125.870083,10,down,Great depth! Press up.
1763055125.934816,10,down,Great depth! Press up.
1763055126.101668,10,down,Great depth! Press up.
1763055483.5460322,0,up,Move into frame
1763055483.6089468,0,up,Move into frame
1763055483.6529706,0,up,Move into frame
1763055483.7379477,0,up,Move into frame
1763055483.8084068,0,up,Move into frame
1763055483.899016,0,up,Move into frame
1763055483.9663508,0,up,Move into frame
1763055484.0534983,0,up,Move into frame
1763055484.1334739,0,up,Move into frame
1763055484.2170193,0,up,Move into frame
1763055484.2939992,0,up,Move into frame
1763055484.3718054,0,up,Move into frame
1763055484.456953,0,up,Move into frame
1763055484.6232913,0,up,Extend fully to lockout.
1763055484.6943283,0,up,Extend fully to lockout.
1763055484.7629569,0,up,Extend fully to lockout.
1763055484.9960022,0,up,Extend fully to lockout.
1763055485.0686467,0,up,Extend fully to lockout.
1763055485.1390915,0,up,Extend fully to lockout.
1763055485.2175446,0,up,Extend fully to lockout.
1763055485.285489,0,up,Extend fully to lockout.
1763055485.3679051,0,up,Extend fully to lockout.
1763055485.4433641,0,up,Extend fully to lockout.
1763055485.517241,0,up,Extend fully to lockout.
1763055485.5971596,0,up,Extend fully to lockout.
1763055485.6855662,0,up,Extend fully to lockout.
1763055485.7680366,0,up,Extend fully to lockout.
1763055485.8526769,0,up,Extend fully to lockout.
1763055485.9356713,0,up,Extend fully to lockout.
1763055486.0020201,0,up,Extend fully to lockout.
1763055486.0766659,0,up,Extend fully to lockout.
1763055486.1544042,0,up,Extend fully to lockout.
1763055486.2379515,0,up,Extend fully to lockout.
1763055486.3037233,0,up,Extend fully to lockout.
1763055486.3983753,0,up,Extend fully to lockout.
1763055486.472106,0,up,Extend fully to lockout.
1763055486.551664,0,up,Extend fully to lockout.
1763055486.632027,0,up,Extend fully to lockout.
1763055486.71254,0,up,Maintain controlled motion.
1763055486.7940538,0,down,Great depth! Press up.
1763055486.8722992,0,down,Great depth! Press up.
1763055486.9523568,0,down,Great depth! Press up.
1763055487.0265298,0,down,Great depth! Press up.
1763055487.1078389,0,down,Great depth! Press up.
1763055487.1848786,0,down,Great depth! Press up.
1763055487.272415,0,down,Great depth! Press up.
1763055487.348583,0,down,Great depth! Press up.
1763055487.4372478,0,down,Great depth! Press up.
1763055487.519744,0,down,Great depth! Press up.
1763055487.593802,0,down,Maintain controlled motion.
1763055487.6760352,1,up,Extend fully to lockout.
1763055487.757404,1,up,Extend fully to lockout.
1763055487.834162,1,up,Extend fully to lockout.
1763055487.909213,1,up,Extend fully to lockout.
1763055487.9949727,1,up,Extend fully to lockout.
1763055488.0765061,1,up,Extend fully to lockout.
1763055488.1630015,1,up,Extend fully to lockout.
1763055488.2288058,1,up,Extend fully to lockout.
1763055488.3098798,1,up,Extend fully to lockout.
1763055488.3923218,1,up,Extend fully to lockout.
1763055488.4675245,1,up,Extend fully to lockout.
1763055488.558374,1,up,Extend fully to lockout.
1763055488.638845,1,up,Extend fully to lockout.
1763055488.7166727,1,up,Extend fully to lockout.
1763055488.794735,1,up,Extend fully to lockout.
1763055488.8778079,1,up,Extend fully to lockout.
1763055488.9543881,1,down,Great depth! Press up.
1763055489.0371344,1,down,Maintain controlled motion.
1763055489.1143985,1,down,Great depth! Press up.
1763055489.1906044,1,down,Great depth! Press up.
1763055489.2680058,1,down,Great depth! Press up.
1763055489.3546948,1,down,Great depth! Press up.
1763055489.4345212,1,down,Great depth! Press up.
1763055489.5163646,1,down,Maintain controlled motion.
1763055489.5937552,1,down,Maintain controlled motion.
1763055489.6764169,1,down,Maintain controlled motion.
1763055489.7657325,1,down,Great depth! Press up.
1763055489.8433688,1,down,Maintain controlled motion.
1763055489.9175136,1,down,Maintain controlled motion.
1763055489.9827049,2,up,Extend fully to lockout.
1763055490.0676334,2,up,Extend fully to lockout.
1763055490.1568017,2,up,Extend fully to lockout.
1763055490.2338655,2,up,Extend fully to lockout.
1763055490.3140764,2,up,Extend fully to lockout.
1763055490.3880198,2,up,Extend fully to lockout.
1763055490.4752462,2,up,Extend fully to lockout.
1763055490.5630078,2,up,Extend fully to lockout.
1763055490.6374407,2,up,Extend fully to lockout.
1763055490.7076154,2,up,Extend fully to lockout.
1763055490.785942,2,up,Extend fully to lockout.
1763055490.8768594,2,up,Extend fully to lockout.
1763055490.9585478,2,up,Extend fully to lockout.
1763055491.0490112,2,up,Extend fully to lockout.
1763055491.1432114,2,up,Extend fully to lockout.
1763055491.2130294,2,up,Extend fully to lockout.
1763055491.280508,2,up,Extend fully to lockout.
1763055491.348884,2,up,Maintain controlled motion.
1763055491.4276705,2,down,Great depth! Press up.
1763055491.5177355,2,down,Great depth! Press up.
1763055491.6017997,2,down,Great depth! Press up.
1763055491.6761453,2,down,Great depth! Press up.
1763055491.7482753,2,down,Maintain controlled motion.
1763055491.8275483,2,down,Maintain controlled motion.
1763055491.915238,2,down,Great depth! Press up.
1763055491.9985116,2,down,Great depth! Press up.
1763055492.0766902,2,down,Great depth! Press up.
1763055492.156919,2,down,Great depth! Press up.
1763055492.233515,2,down,Great depth! Press up.
1763055492.313631,3,up,Extend fully to lockout.
1763055492.3950136,3,up,Extend fully to lockout.
1763055492.472343,3,up,Extend fully to lockout.
1763055492.557798,3,up,Extend fully to lockout.
1763055492.6367705,3,up,Extend fully to lockout.
1763055492.722708,3,up,Extend fully to lockout.
1763055492.796476,3,up,Extend fully to lockout.
1763055492.8807406,3,up,Extend fully to lockout.
1763055492.9579742,3,up,Extend fully to lockout.
1763055493.0339465,3,up,Extend fully to lockout.
1763055493.1049068,3,up,Extend fully to lockout.
1763055493.196336,3,up,Extend fully to lockout.
1763055493.2772977,3,up,Extend fully to lockout.
1763055493.358714,3,up,Extend fully to lockout.
1763055493.43431,3,up,Extend fully to lockout.
1763055493.5174422,3,up,Extend fully to lockout.
1763055493.5900683,3,up,Extend fully to lockout.
1763055493.6775596,3,up,Maintain controlled motion.
1763055493.7573223,3,down,Great depth! Press up.
1763055493.8373353,3,down,Great depth! Press up.
1763055493.9099374,3,down,Great depth! Press up.
1763055493.9962845,3,down,Great depth! Press up.
1763055494.0650005,3,down,Great depth! Press up.
1763055494.1578047,3,down,Great depth! Press up.
1763055494.2298322,3,down,Great depth! Press up.
1763055494.3197048,3,down,Great depth! Press up.
1763055494.3941894,3,down,Great depth! Press up.
1763055494.476515,3,down,Great depth! Press up.
1763055494.5574758,4,up,Extend fully to lockout.
1763055494.6387968,4,up,Extend fully to lockout.
1763055494.7174985,4,up,Extend fully to lockout.
1763055494.7952836,4,up,Extend fully to lockout.
1763055494.8794677,4,up,Extend fully to lockout.
1763055494.956178,4,up,Extend fully to lockout.
1763055495.0349846,4,up,Extend fully to lockout.
1763055495.1193724,4,up,Extend fully to lockout.
1763055495.2014992,4,up,Extend fully to lockout.
1763055495.2820868,4,up,Extend fully to lockout.
1763055495.346514,4,up,Extend fully to lockout.
1763055495.4352057,4,up,Extend fully to lockout.
1763055495.520457,4,up,Extend fully to lockout.
1763055495.609989,4,up,Extend fully to lockout.
1763055495.6775591,4,up,Extend fully to lockout.
1763055495.7575362,4,up,Extend fully to lockout.
1763055495.8394678,4,up,Extend fully to lockout.
1763055495.9152687,4,up,Extend fully to lockout.
1763055495.9935796,4,up,Extend fully to lockout.
1763055496.0704374,4,up,Extend fully to lockout.
1763055496.1549993,4,up,Extend fully to lockout.
1763055496.2340598,4,up,Extend fully to lockout.
1763055496.3170853,4,up,Extend fully to lockout.
1763055496.3941462,4,up,Extend fully to lockout.
1763055496.481348,4,up,Extend fully to lockout.
1763055496.5634038,4,up,Extend fully to lockout.
1763055496.64314,4,up,Extend fully to lockout.
1763055496.715818,4,up,Extend fully to lockout.
1763055496.7974083,4,up,Extend fully to lockout.
1763055496.8717244,4,up,Extend fully to lockout.
1763055496.9567635,4,up,Extend fully to lockout.
1763055497.0372477,4,up,Extend fully to lockout.
1763055497.1260417,4,up,Extend fully to lockout.
1763055497.200807,4,up,Extend fully to lockout.
1763055497.2766213,4,up,Extend fully to lockout.
1763055497.3572025,4,up,Extend fully to lockout.
1763055497.4541924,4,up,Extend fully to lockout.
1763055497.539716,4,up,Extend fully to lockout.
1763055497.604613,4,up,Extend fully to lockout.
1763055497.6761997,4,up,Extend fully to lockout.
1763055497.7566242,4,up,Maintain controlled motion.
1763055497.8341131,4,up,Extend fully to lockout.
1763055497.9194484,4,up,Extend fully to lockout.
1763055497.9967008,4,up,Extend fully to lockout.
1763055498.0756893,4,up,Extend fully to lockout.
1763055498.1573775,4,up,Extend fully to lockout.
1763055498.2378442,4,up,Extend fully to lockout.
1763055498.3164225,4,up,Extend fully to lockout.
1763055498.4127429,4,up,Extend fully to lockout.
1763055498.4824111,4,up,Extend fully to lockout.
1763055498.5579035,4,up,Extend fully to lockout.
1763055498.6374824,4,up,Extend fully to lockout.
1763055498.7186787,4,up,Extend fully to lockout.
1763055498.7970774,4,up,Extend fully to lockout.
1763055498.8760026,4,up,Extend fully to lockout.
1763055498.962856,4,up,Extend fully to lockout.
1763055499.0367417,4,up,Extend fully to lockout.
1763055499.1168563,4,up,Extend fully to lockout.
1763055499.1939533,4,up,Extend fully to lockout.
1763055499.2769716,4,up,Extend fully to lockout.
1763055499.3538582,4,up,Extend fully to lockout.
1763055499.437107,4,up,Extend fully to lockout.
1763055499.5195534,4,up,Extend fully to lockout.
1763055499.6015155,4,up,Extend fully to lockout.
1763055499.6842809,4,up,Extend fully to lockout.
1763055499.7586334,4,up,Extend fully to lockout.
1763055499.8369207,4,up,Extend fully to lockout.
1763055499.9189224,4,up,Extend fully to lockout.
1763055500.0022025,4,up,Extend fully to lockout.
1763055500.0765898,4,up,Extend fully to lockout.
1763055500.1544042,4,up,Extend fully to lockout.
1763055500.223962,4,up,Extend fully to lockout.
1763055500.3165102,4,up,Extend fully to lockout.
1763055500.4019382,4,up,Extend fully to lockout.
1763055500.481679,4,up,Extend fully to lockout.
1763055500.5697575,4,up,Extend fully to lockout.
1763055500.6435242,4,up,Extend fully to lockout.
1763055500.7330852,4,up,Extend fully to lockout.
1763055500.8073559,4,up,Extend fully to lockout.
1763055500.87395,4,up,Extend fully to lockout.
1763055500.9568975,4,up,Extend fully to lockout.
1763055501.0409174,4,up,Extend fully to lockout.
1763055501.1202784,4,up,Extend fully to lockout.
1763055501.3679018,4,up,Extend fully to lockout.
1763055501.4524279,4,up,Extend fully to lockout.
1763055501.5182762,4,up,Extend fully to lockout.
1763055501.6134517,4,up,Extend fully to lockout.
1763055501.6963346,4,up,Extend fully to lockout.
1763055501.7815228,4,up,Extend fully to lockout.
1763055501.861277,4,up,Extend fully to lockout.
1763055501.9277706,4,up,Extend fully to lockout.
1763055502.0122514,4,up,Extend fully to lockout.
1763055502.1041527,4,up,Extend fully to lockout.
1763055502.1837187,4,up,Extend fully to lockout.
1763055502.3503304,4,up,Extend fully to lockout.
1763055502.4577165,4,up,Extend fully to lockout.
1763055502.5481806,4,up,Extend fully to lockout.
1763055502.6749902,4,up,Extend fully to lockout.
1763055502.7460923,4,up,Extend fully to lockout.
1763055502.8112228,4,up,Extend fully to lockout.
1763055502.8771293,4,up,Extend fully to lockout.
1763055502.9600594,4,up,Maintain controlled motion.
1763055503.033709,4,up,Extend fully to lockout.
1763055503.1207764,4,up,Extend fully to lockout.
1763055503.200254,4,up,Extend fully to lockout.
1763055503.290028,4,up,Extend fully to lockout.
1763055503.3758388,4,up,Extend fully to lockout.
1763055503.4598105,4,up,Extend fully to lockout.
1763055503.5319488,4,up,Extend fully to lockout.
1763055503.6167133,4,up,Extend fully to lockout.
1763055503.6997588,4,up,Extend fully to lockout.
1763055503.7911062,4,up,Extend fully to lockout.
1763055503.8715782,4,up,Extend fully to lockout.
1763055503.9553099,4,up,Extend fully to lockout.
1763055504.0226905,4,up,Extend fully to lockout.
1763055504.0881624,4,up,Extend fully to lockout.
1763055504.1629114,4,up,Extend fully to lockout.
1763055504.2345839,4,up,Extend fully to lockout.
1763055504.317507,4,up,Extend fully to lockout.
1763055504.3986945,4,up,Extend fully to lockout.
1763055504.479794,4,up,Extend fully to lockout.
1763055504.5629406,4,up,Extend fully to lockout.
1763055504.6369407,4,up,Extend fully to lockout.
1763055504.718976,4,up,Extend fully to lockout.
1763055504.796837,4,up,Extend fully to lockout.
1763055504.8768926,4,up,Extend fully to lockout.
1763055504.9568202,4,up,Extend fully to lockout.
1763055505.038618,4,up,Extend fully to lockout.
1763055505.121392,4,up,Extend fully to lockout.
1763055505.1965957,4,up,Extend fully to lockout.
1763055505.280218,4,up,Extend fully to lockout.
1763055505.362752,4,up,Extend fully to lockout.
1763055505.448834,4,up,Extend fully to lockout.
1763055505.5325453,4,down,Great depth! Press up.
1763055505.606592,4,up,Extend fully to lockout.
1763055505.678992,4,up,Extend fully to lockout.
1763055505.7567797,4,down,Great depth! Press up.
1763055505.8568108,4,down,Great depth! Press up.
1763055505.929426,4,down,Maintain controlled motion.
1763055505.998925,4,down,Maintain controlled motion.
1763055506.0786693,4,down,Great depth! Press up.
1763055506.157163,4,down,Great depth! Press up.
1763055506.2366235,5,up,Extend fully to lockout.
1763055506.3195457,5,up,Extend fully to lockout.
1763055506.3984766,5,down,Great depth! Press up.
1763055506.4832857,5,down,Maintain controlled motion.
1763055506.5603278,6,up,Extend fully to lockout.
1763055506.637375,6,up,Extend fully to lockout.
1763055506.7160907,6,up,Extend fully to lockout.
1763055506.7966936,6,up,Extend fully to lockout.
1763055506.8791437,6,up,Extend fully to lockout.
1763055506.9858775,6,up,Extend fully to lockout.
1763055507.0699985,6,up,Extend fully to lockout.
1763055507.1549075,6,up,Extend fully to lockout.
1763055507.2316914,6,up,Extend fully to lockout.
1763055507.307559,6,up,Extend fully to lockout.
1763055507.3775432,6,up,Extend fully to lockout.
1763055507.442864,6,up,Extend fully to lockout.
1763055507.5172977,6,up,Extend fully to lockout.
1763055507.599647,6,up,Extend fully to lockout.
1763055507.6658254,6,up,Extend fully to lockout.
1763055507.7515962,6,up,Extend fully to lockout.
1763055507.9529324,6,up,Extend fully to lockout.
1763055508.025569,6,up,Extend fully to lockout.
1763055508.1121376,6,up,Extend fully to lockout.
1763055508.1852846,6,up,Extend fully to lockout.
1763055508.2516737,6,up,Extend fully to lockout.
1763055508.3069003,6,up,Extend fully to lockout.
1763055508.3986194,6,up,Extend fully to lockout.
1763055508.4736905,6,up,Extend fully to lockout.
1763055508.5564907,6,up,Extend fully to lockout.
1763055508.6291723,6,up,Extend fully to lockout.
1763055508.7036703,6,up,Extend fully to lockout.
1763055508.7859297,6,up,Extend fully to lockout.
1763055508.8857934,6,up,Extend fully to lockout.
1763055727.3816261,0,up,Maintain controlled motion.
1763055727.4544842,0,up,Maintain controlled motion.
1763055727.5273726,0,up,Maintain controlled motion.
1763055727.5962863,0,up,Maintain controlled motion.
1763055727.6788452,0,up,Maintain controlled motion.
1763055727.7568364,0,up,Maintain controlled motion.
1763055727.836233,0,up,Maintain controlled motion.
1763055727.9178731,0,up,Maintain controlled motion.
1763055727.99915,0,up,Maintain controlled motion.
1763055728.067855,0,up,Maintain controlled motion.
1763055728.1534953,0,up,Maintain controlled motion.
1763055728.2330892,0,up,Maintain controlled motion.
1763055728.3136935,0,up,Maintain controlled motion.
1763055728.3866184,0,up,Maintain controlled motion.
1763055728.5370557,0,up,Maintain controlled motion.
1763055728.6126256,0,up,Maintain controlled motion.
1763055728.6916149,0,up,Extend fully to lockout.
1763055728.7571816,0,up,Extend fully to lockout.
1763055728.830705,0,up,Extend fully to lockout.
1763055728.9192102,0,up,Extend fully to lockout.
1763055728.9931297,0,up,Extend fully to lockout.
1763055729.0683556,0,up,Extend fully to lockout.
1763055729.1379647,0,up,Extend fully to lockout.
1763055729.2135272,0,up,Extend fully to lockout.
1763055729.292369,0,up,Extend fully to lockout.
1763055729.3718984,0,up,Extend fully to lockout.
1763055729.435792,0,up,Extend fully to lockout.
1763055729.515437,0,up,Extend fully to lockout.
1763055729.5936456,0,up,Extend fully to lockout.
1763055729.6697576,0,up,Extend fully to lockout.
1763055729.7535603,0,up,Extend fully to lockout.
1763055729.843477,0,up,Extend fully to lockout.
1763055729.9206166,0,up,Extend fully to lockout.
1763055729.997544,0,up,Extend fully to lockout.
1763055730.0795205,0,up,Extend fully to lockout.
1763055730.156218,0,up,Extend fully to lockout.
1763055730.2552207,0,up,Extend fully to lockout.
1763055730.342609,0,up,Extend fully to lockout.
1763055730.4217408,0,up,Extend fully to lockout.
1763055730.4971185,0,up,Extend fully to lockout.
1763055730.5749161,0,up,Extend fully to lockout.
1763055730.6530557,0,up,Extend fully to lockout.
1763055730.725318,0,up,Extend fully to lockout.
1763055730.7955315,0,up,Extend fully to lockout.
1763055730.8761747,0,up,Extend fully to lockout.
1763055730.9635751,0,up,Extend fully to lockout.
1763055731.0351815,0,up,Extend fully to lockout.
1763055731.1183538,0,up,Extend fully to lockout.
1763055731.19561,0,up,Extend fully to lockout.
1763055731.274057,0,up,Extend fully to lockout.
1763055731.3579526,0,up,Extend fully to lockout.
1763055731.437097,0,up,Extend fully to lockout.
1763055731.5303082,0,up,Extend fully to lockout.
1763055731.6156182,0,up,Extend fully to lockout.
1763055731.6966674,0,up,Extend fully to lockout.
1763055731.7718315,0,up,Extend fully to lockout.
1763055731.8396938,0,up,Extend fully to lockout.
1763055731.9170618,0,up,Extend fully to lockout.
1763055731.9967833,0,up,Extend fully to lockout.
1763055732.076138,0,up,Extend fully to lockout.
1763055732.1577728,0,up,Extend fully to lockout.
1763055732.240657,0,up,Extend fully to lockout.
1763055732.3238275,0,up,Extend fully to lockout.
1763055732.412875,0,up,Maintain controlled motion.
1763055732.5071342,0,down,Great depth! Press up.
1763055732.57697,0,down,Great depth! Press up.
1763055732.657539,0,down,Great depth! Press up.
1763055732.7309382,0,down,Great depth! Press up.
1763055732.8064263,0,down,Great depth! Press up.
1763055732.883435,0,down,Great depth! Press up.
1763055732.9571702,0,down,Great depth! Press up.
1763055733.0410454,0,down,Great depth! Press up.
1763055733.1170259,0,down,Great depth! Press up.
1763055733.1987698,0,down,Great depth! Press up.
1763055733.282771,0,down,Great depth! Press up.
1763055733.3616574,0,down,Great depth! Press up.
1763055733.4385045,0,down,Great depth! Press up.
1763055733.5207205,0,down,Great depth! Press up.
1763055733.595777,0,down,Great depth! Press up.
1763055733.6762207,0,down,Great depth! Press up.
1763055733.756916,0,down,Great depth! Press up.
1763055733.849927,0,down,Great depth! Press up.
1763055733.9373024,0,down,Maintain controlled motion.
1763055734.010505,0,down,Maintain controlled motion.
1763055734.0860136,0,down,Maintain controlled motion.
1763055734.173051,0,down,Maintain controlled motion.
1763055734.2376876,0,down,Maintain controlled motion.
1763055734.3161376,0,down,Maintain controlled motion.
1763055734.3961608,1,up,Extend fully to lockout.
1763055734.4797194,1,up,Extend fully to lockout.
1763055734.5585077,1,up,Maintain controlled motion.
1763055734.6375778,1,up,Maintain controlled motion.
1763055734.7169642,1,up,Maintain controlled motion.
1763055734.803327,1,up,Maintain controlled motion.
1763055734.8925292,1,up,Maintain controlled motion.
1763055734.9647532,1,up,Maintain controlled motion.
1763055735.0369883,1,up,Maintain controlled motion.
1763055735.116333,1,down,Great depth! Press up.
1763055735.2063367,1,down,Great depth! Press up.
1763055735.4040937,1,down,Great depth! Press up.
1763055735.4839542,1,down,Great depth! Press up.
1763055735.5560637,1,down,Great depth! Press up.
1763055735.6145325,1,down,Great depth! Press up.
1763055735.6915417,1,down,Great depth! Press up.
1763055735.761008,1,down,Great depth! Press up.
1763055735.8384132,1,down,Great depth! Press up.
1763055735.9386508,1,down,Great depth! Press up.
1763055736.0771837,1,down,Great depth! Press up.
1763055736.1719484,1,down,Great depth! Press up.
1763055736.2562177,1,down,Great depth! Press up.
1763055736.339487,1,down,Great depth! Press up.
1763055736.4207585,1,down,Great depth! Press up.
1763055736.5043986,1,down,Great depth! Press up.
1763055736.574892,1,down,Maintain controlled motion.
1763055736.6512465,1,down,Maintain controlled motion.
1763055736.7333393,1,down,Maintain controlled motion.
1763055736.8012342,2,up,Extend fully to lockout.
1763055736.8760576,2,up,Extend fully to lockout.
1763055736.956301,2,up,Extend fully to lockout.
1763055737.0387378,2,up,Extend fully to lockout.
1763055737.1332457,2,up,Extend fully to lockout.
1763055737.2065809,2,up,Maintain controlled motion.
1763055737.2866573,2,up,Maintain controlled motion.
1763055737.3647318,2,up,Maintain controlled motion.
1763055737.4460077,2,up,Maintain controlled motion.
1763055737.5327466,2,up,Maintain controlled motion.
1763055737.6049001,2,down,Great depth! Press up.
1763055737.6767917,2,down,Great depth! Press up.
1763055737.7571914,2,down,Great depth! Press up.
1763055737.8376315,2,down,Great depth! Press up.
1763055737.9160166,2,down,Great depth! Press up.
1763055737.9965763,2,down,Great depth! Press up.
1763055738.0764842,2,down,Great depth! Press up.
1763055738.1578174,2,down,Great depth! Press up.
1763055738.2356436,2,down,Great depth! Press up.
1763055738.31675,2,down,Great depth! Press up.
1763055738.3961425,2,down,Great depth! Press up.
1763055738.4828322,2,down,Great depth! Press up.
1763055738.56866,2,down,Great depth! Press up.
1763055738.6457412,2,down,Great depth! Press up.
1763055738.718772,2,down,Great depth! Press up.
1763055738.7961576,2,down,Great depth! Press up.
1763055738.87644,2,down,Great depth! Press up.
1763055738.9535546,2,down,Maintain controlled motion.
1763055739.0336144,2,down,Maintain controlled motion.
1763055739.1162002,2,down,Maintain controlled motion.
1763055739.195903,2,down,Maintain controlled motion.
1763055739.277006,2,down,Maintain controlled motion.
1763055739.3705518,2,down,Maintain controlled motion.
1763055739.454253,2,down,Maintain controlled motion.
1763055739.5267985,2,down,Maintain controlled motion.
1763055739.6087778,2,down,Maintain controlled motion.
1763055739.6763065,2,down,Maintain controlled motion.
1763055739.7645235,2,down,Maintain controlled motion.
1763055739.8350923,2,down,Maintain controlled motion.
1763055739.919932,2,down,Maintain controlled motion.
1763055740.0023541,2,down,Maintain controlled motion.
1763055740.0933688,2,down,Maintain controlled motion.
1763055740.1714728,2,down,Great depth! Press up.
1763055740.2513664,2,down,Great depth! Press up.
1763055740.3215644,2,down,Great depth! Press up.
1763055740.3981893,2,down,Great depth! Press up.
1763055740.475889,2,down,Great depth! Press up.
1763055740.5561652,2,down,Great depth! Press up.
1763055740.6394203,2,down,Great depth! Press up.
1763055740.7223947,2,down,Great depth! Press up.
1763055740.8135622,2,down,Great depth! Press up.
1763055740.9002013,2,down,Great depth! Press up.
1763055740.9787822,2,down,Great depth! Press up.
1763055741.058525,2,down,Great depth! Press up.
1763055741.1348567,2,down,Great depth! Press up.
1763055741.21613,2,down,Great depth! Press up.
1763055741.2944973,2,down,Great depth! Press up.
1763055741.371695,2,down,Great depth! Press up.
1763055741.4461188,2,down,Great depth! Press up.
1763055741.5166726,2,down,Great depth! Press up.
1763055741.5968485,2,down,Great depth! Press up.
1763055741.6833868,2,down,Great depth! Press up.
1763055741.7735763,2,down,Great depth! Press up.
1763055741.8534822,2,down,Maintain controlled motion.
1763055741.918952,2,down,Maintain controlled motion.
1763055742.0106666,3,up,Extend fully to lockout.
1763055742.211573,3,up,Extend fully to lockout.
1763055742.2933483,3,up,Extend fully to lockout.
1763055742.3685186,3,up,Extend fully to lockout.
1763055742.4803164,3,up,Extend fully to lockout.
1763055742.5863461,3,up,Extend fully to lockout.
1763055742.7055717,3,up,Extend fully to lockout.
1763055742.8187408,3,up,Extend fully to lockout.
1763055742.9534538,3,up,Extend fully to lockout.
1763055743.0530941,3,up,Extend fully to lockout.
1763055743.1354766,3,up,Maintain controlled motion.
1763055743.21382,3,up,Maintain controlled motion.
1763055743.295948,3,down,Great depth! Press up.
1763055743.3631268,3,down,Great depth! Press up.
1763055743.452591,3,down,Great depth! Press up.
1763055743.5358047,3,down,Great depth! Press up.
1763055743.6082816,3,down,Great depth! Press up.
1763055743.6894808,3,down,Great depth! Press up.
1763055743.7554147,3,down,Great depth! Press up.
1763055743.8412192,3,down,Great depth! Press up.
1763055743.922159,3,down,Great depth! Press up.
1763055744.014791,3,down,Great depth! Press up.
1763055744.0947301,3,down,Great depth! Press up.
1763055744.1717598,3,down,Great depth! Press up.
1763055744.2465851,3,down,Great depth! Press up.
1763055744.317148,3,down,Great depth! Press up.
1763055744.4005926,3,down,Great depth! Press up.
1763055744.478862,3,down,Great depth! Press up.
1763055744.5557556,3,down,Great depth! Press up.
1763055744.6381621,3,down,Great depth! Press up.
1763055744.7169144,3,down,Great depth! Press up.
1763055744.7978692,3,down,Great depth! Press up.
1763055744.8879573,3,down,Great depth! Press up.
1763055744.9613862,3,down,Great depth! Press up.
1763055745.0356498,3,down,Great depth! Press up.
1763055745.113231,3,down,Maintain controlled motion.
1763055745.2203205,3,down,Maintain controlled motion.
1763055745.2934933,3,down,Maintain controlled motion.
1763055745.379265,4,up,Extend fully to lockout.
1763055745.460034,4,up,Extend fully to lockout.
1763055745.545931,4,up,Extend fully to lockout.
1763055745.6350095,4,up,Extend fully to lockout.
1763055745.711811,4,up,Extend fully to lockout.
1763055745.7858167,4,up,Extend fully to lockout.
1763055745.8543844,4,up,Extend fully to lockout.
1763055745.9423785,4,up,Extend fully to lockout.
1763055746.0214686,4,up,Extend fully to lockout.
1763055746.10136,4,up,Extend fully to lockout.
1763055746.1799183,4,up,Extend fully to lockout.
1763055746.26589,4,up,Extend fully to lockout.
1763055746.3409014,4,up,Extend fully to lockout.
1763055746.4212968,4,up,Extend fully to lockout.
1763055746.5060277,4,up,Extend fully to lockout.
1763055746.5998929,4,up,Extend fully to lockout.
1763055746.6839135,4,up,Extend fully to lockout.
1763055746.7632415,4,up,Extend fully to lockout.
1763055746.8434923,4,up,Extend fully to lockout.
1763055746.9155722,4,up,Extend fully to lockout.
1763055746.9926689,4,up,Extend fully to lockout.
1763055747.079677,4,up,Extend fully to lockout.
1763055747.1698177,4,up,Extend fully to lockout.
1763055747.259893,4,up,Extend fully to lockout.
1763055747.339412,4,up,Extend fully to lockout.
1763055747.4211676,4,up,Extend fully to lockout.
1763055747.4994123,4,up,Extend fully to lockout.
1763055747.5797598,4,up,Extend fully to lockout.
1763055747.6629975,4,up,Extend fully to lockout.
1763055747.748543,4,up,Extend fully to lockout.
1763055747.827168,4,up,Extend fully to lockout.
1763055747.8938458,4,up,Extend fully to lockout.
1763055747.9802225,4,up,Extend fully to lockout.
1763055748.065493,4,up,Extend fully to lockout.
1763055748.1490655,4,up,Extend fully to lockout.
1763055748.2276452,4,up,Extend fully to lockout.
1763055748.3129857,4,up,Extend fully to lockout.
1763055748.3960826,4,up,Extend fully to lockout.
1763055748.4788036,4,up,Extend fully to lockout.
1763055748.5719442,4,up,Extend fully to lockout.
1763055748.6607988,4,up,Extend fully to lockout.
1763055748.7520092,4,up,Extend fully to lockout.
1763055748.846613,4,up,Extend fully to lockout.
1763055748.9286983,4,up,Extend fully to lockout.
1763055749.0106497,4,up,Extend fully to lockout.
1763055749.0907912,4,up,Extend fully to lockout.
1763055749.166771,4,up,Extend fully to lockout.
1763055749.251336,4,up,Extend fully to lockout.
1763055749.3247237,4,up,Extend fully to lockout.
1763055749.396625,4,up,Extend fully to lockout.
1763055749.479037,4,up,Extend fully to lockout.
1763055749.5617337,4,up,Extend fully to lockout.
1763055749.648086,4,up,Extend fully to lockout.
1763055749.727181,4,up,Extend fully to lockout.
1763055749.8025618,4,up,Extend fully to lockout.
1763055749.8704019,4,up,Extend fully to lockout.
1763055749.9400396,4,up,Extend fully to lockout.
1763055750.0252013,4,up,Extend fully to lockout.
1763055750.102908,4,up,Extend fully to lockout.
1763055750.1823406,4,up,Extend fully to lockout.
1763055750.268107,4,up,Extend fully to lockout.
1763055750.3484805,4,up,Extend fully to lockout.
1763055750.448313,4,up,Extend fully to lockout.
1763055750.525525,4,up,Extend fully to lockout.
1763055750.5991342,4,up,Extend fully to lockout.
1763055750.6767826,4,up,Extend fully to lockout.
1763055750.755448,4,up,Extend fully to lockout.
1763055750.833281,4,up,Extend fully to lockout.
1763055750.9114811,4,up,Extend fully to lockout.
1763055750.983669,4,up,Extend fully to lockout.
1763055751.0688848,4,up,Extend fully to lockout.
1763055751.155807,4,up,Extend fully to lockout.
1763055751.2373996,4,up,Extend fully to lockout.
1763055751.3464558,4,up,Extend fully to lockout.
1763055751.4777248,4,up,Extend fully to lockout.
1763055751.5665762,4,up,Extend fully to lockout.
1763055751.7554493,4,up,Extend fully to lockout.
1763055751.841151,4,up,Extend fully to lockout.
1763055751.9209762,4,up,Extend fully to lockout.
1763055752.0028057,4,down,Great depth! Press up.
1763055752.1019979,4,down,Great depth! Press up.
1763055752.1892807,4,down,Great depth! Press up.
1763055752.2667413,4,down,Great depth! Press up.
1763055752.35823,4,down,Great depth! Press up.
1763055752.442536,4,down,Great depth! Press up.
1763055752.5241332,4,down,Great depth! Press up.
1763055752.6129222,4,down,Great depth! Press up.
1763055752.67927,4,down,Great depth! Press up.
1763055752.7592835,4,down,Great depth! Press up.
1763055752.8344655,4,down,Great depth! Press up.
1763055752.909098,4,down,Great depth! Press up.
1763055752.987922,4,down,Great depth! Press up.
1763055753.0749726,4,down,Great depth! Press up.
1763055753.1712556,4,down,Great depth! Press up.
1763055753.2534614,4,down,Great depth! Press up.
1763055753.3309672,4,down,Great depth! Press up.
1763055753.4173777,4,down,Great depth! Press up.
1763055753.4957156,4,down,Great depth! Press up.
1763055753.5752537,4,down,Great depth! Press up.
1763055753.6576443,4,down,Great depth! Press up.
1763055753.7308846,4,down,Great depth! Press up.
1763055753.8193552,4,down,Maintain controlled motion.
1763055753.8949354,5,up,Extend fully to lockout.
1763055753.968086,5,up,Extend fully to lockout.
1763055754.0542402,5,up,Extend fully to lockout.
1763055754.1336088,5,up,Extend fully to lockout.
1763055754.2153778,5,up,Extend fully to lockout.
1763055754.2954774,5,up,Extend fully to lockout.
1763055754.3658748,5,up,Extend fully to lockout.
1763055754.46134,5,up,Extend fully to lockout.
1763055754.5398126,5,up,Extend fully to lockout.
1763055754.6218863,5,up,Extend fully to lockout.
1763055754.7035286,5,up,Extend fully to lockout.
1763055754.7851882,5,up,Extend fully to lockout.
1763055754.8547604,5,up,Extend fully to lockout.
1763055754.9293387,5,up,Maintain controlled motion.
1763055755.0070183,5,down,Great depth! Press up.
1763055755.0768244,5,down,Great depth! Press up.
1763055755.1424708,5,down,Great depth! Press up.
1763055755.2247283,5,down,Great depth! Press up.
1763055755.305365,5,down,Great depth! Press up.
1763055755.382873,5,down,Great depth! Press up.
1763055755.4607496,5,down,Great depth! Press up.
1763055755.5495043,5,down,Great depth! Press up.
1763055755.6222699,5,down,Great depth! Press up.
1763055755.7048814,5,down,Great depth! Press up.
1763055755.779032,5,down,Great depth! Press up.
1763055755.8519945,5,down,Great depth! Press up.
1763055755.939885,5,down,Great depth! Press up.
1763055756.016139,5,down,Great depth! Press up.
1763055756.0998883,5,down,Great depth! Press up.
1763055756.1774423,5,down,Great depth! Press up.
1763055756.2409074,5,down,Great depth! Press up.
1763055756.3184948,5,down,Great depth! Press up.
1763055756.402529,5,down,Great depth! Press up.
1763055756.4829497,5,down,Great depth! Press up.
1763055756.5830352,5,down,Maintain controlled motion.
1763055756.652661,5,down,Maintain controlled motion.
1763055756.738164,6,up,Extend fully to lockout.
1763055756.818024,6,up,Extend fully to lockout.
1763055756.9037464,6,up,Extend fully to lockout.
1763055756.9899948,6,up,Extend fully to lockout.
1763055757.0641017,6,up,Extend fully to lockout.
1763055757.1525557,6,up,Extend fully to lockout.
1763055757.228377,6,up,Extend fully to lockout.
1763055757.309733,6,up,Extend fully to lockout.
1763055757.3832157,6,up,Extend fully to lockout.
1763055757.4645274,6,up,Extend fully to lockout.
1763055757.554052,6,up,Extend fully to lockout.
1763055757.6811006,6,up,Extend fully to lockout.
1763055757.8064713,6,up,Extend fully to lockout.
1763055757.883315,6,up,Maintain controlled motion.
1763055757.9452918,6,up,Maintain controlled motion.
1763055758.0178251,6,down,Great depth! Press up.
1763055758.0932555,6,down,Great depth! Press up.
1763055758.1750715,6,down,Great depth! Press up.
1763055758.2491941,6,down,Great depth! Press up.
1763055758.315886,6,down,Great depth! Press up.
1763055758.4016051,6,down,Great depth! Press up.
1763055758.4946256,6,down,Great depth! Press up.
1763055758.5719242,6,down,Great depth! Press up.
1763055758.6429348,6,down,Great depth! Press up.
1763055758.7259393,6,down,Great depth! Press up.
1763055758.8078911,6,down,Great depth! Press up.
1763055758.8985229,6,down,Great depth! Press up.
1763055759.1133091,6,down,Great depth! Press up.
1763055759.1843653,6,down,Great depth! Press up.
1763055759.2593985,6,down,Great depth! Press up.
1763055759.3318918,6,down,Great depth! Press up.
1763055759.4067688,6,down,Great depth! Press up.
1763055759.4760118,6,down,Great depth! Press up.
1763055759.5406463,6,down,Great depth! Press up.
1763055759.6121137,6,down,Great depth! Press up.
1763055759.7003121,6,down,Maintain controlled motion.
1763055759.768104,6,down,Maintain controlled motion.
1763055759.8611557,6,down,Maintain controlled motion.
1763055759.9375374,7,up,Extend fully to lockout.
1763055760.025269,7,up,Extend fully to lockout.
1763055760.1088777,7,up,Extend fully to lockout.
1763055760.183617,7,up,Extend fully to lockout.
1763055760.2620125,7,up,Extend fully to lockout.
1763055760.340619,7,up,Extend fully to lockout.
1763055760.4197764,7,up,Extend fully to lockout.
1763055760.497297,7,up,Extend fully to lockout.
1763055760.564033,7,up,Extend fully to lockout.
1763055760.6379635,7,up,Extend fully to lockout.
1763055760.7153027,7,up,Extend fully to lockout.
1763055760.8087988,7,up,Maintain controlled motion.
1763055760.879351,7,up,Maintain controlled motion.
1763055760.9627516,7,up,Maintain controlled motion.
1763055761.0416055,7,up,Maintain controlled motion.
1763055761.1322231,7,down,Great depth! Press up.
1763055761.204245,7,down,Great depth! Press up.
1763055761.2806573,7,down,Great depth! Press up.
1763055761.3592079,7,down,Great depth! Press up.
1763055761.4382164,7,down,Great depth! Press up.
1763055761.5215144,7,down,Great depth! Press up.
1763055761.6098084,7,down,Great depth! Press up.
1763055761.697963,7,down,Great depth! Press up.
1763055761.7876482,7,down,Great depth! Press up.
1763055761.8700805,7,down,Great depth! Press up.
1763055761.9457178,7,down,Great depth! Press up.
1763055762.014151,7,down,Great depth! Press up.
1763055762.0802548,7,down,Great depth! Press up.
1763055762.1800516,7,down,Great depth! Press up.
1763055762.2638495,7,down,Great depth! Press up.
1763055762.3401756,7,down,Great depth! Press up.
1763055762.424184,7,down,Great depth! Press up.
1763055762.507558,8,up,Extend fully to lockout.
1763055762.5804238,8,up,Extend fully to lockout.
1763055762.6549547,8,up,Maintain controlled motion.
1763055762.7219777,8,up,Maintain controlled motion.
1763055762.8016684,8,up,Extend fully to lockout.
1763055762.8773038,8,up,Extend fully to lockout.
1763055762.958116,8,up,Extend fully to lockout.
1763055763.0406969,8,up,Extend fully to lockout.
1763055763.1182475,8,up,Extend fully to lockout.
1763055763.2200255,8,up,Extend fully to lockout.
1763055763.29299,8,up,Extend fully to lockout.
1763055763.3601272,8,up,Extend fully to lockout.
1763055763.4385326,8,up,Extend fully to lockout.
1763055763.5269253,8,up,Extend fully to lockout.
1763055763.6136963,8,up,Extend fully to lockout.
1763055763.6801667,8,up,Extend fully to lockout.
1763055763.763044,8,up,Extend fully to lockout.
1763055763.84037,8,up,Extend fully to lockout.
1763055763.9180076,8,up,Extend fully to lockout.
1763055764.0074034,8,up,Extend fully to lockout.
1763055764.0913763,8,up,Extend fully to lockout.
1763055764.1738317,8,up,Extend fully to lockout.
1763055764.2500262,8,up,Extend fully to lockout.
1763055764.3187532,8,up,Extend fully to lockout.
1763055764.4025822,8,up,Extend fully to lockout.
1763055764.4806805,8,up,Extend fully to lockout.
1763055764.5574148,8,up,Extend fully to lockout.
1763055764.650149,8,up,Extend fully to lockout.
1763055764.7229435,8,up,Extend fully to lockout.
1763055764.7957625,8,up,Extend fully to lockout.
1763055764.875276,8,up,Extend fully to lockout.
1763055765.0818934,8,up,Extend fully to lockout.
